precision,accuracy,recall,duration
0.6401515151515151,0.81,0.6048901488306165,4552.805938243866
