precision,accuracy,recall,duration
0.553763440860215,0.675,0.55,814.4763882160187
