precision,accuracy,recall,duration
0.9323835368611488,0.93,0.9149305555555556,1031.1242241859436
