precision,accuracy,recall,duration
0.5792838874680307,0.615,0.6033333333333333,1572.505623102188
