precision,accuracy,recall,duration,auc,mcc
0.6477921583555386,0.7604017216642754,0.6386442090227354,0.0024187564849853516,0.6386442090227354,0.28629025058472746
