precision,accuracy,recall,duration,auc,mcc
0.714950086879493,0.8034433285509326,0.6501964051898583,169.44685983657837,0.6501964051898583,0.35935904243276023
