precision,accuracy,recall,duration,auc,mcc
0.6886665797705944,0.787661406025825,0.6722949648851327,179.62456846237183,0.6722949648851326,0.3605900815972211
