precision,accuracy,recall,duration
0.5690880378997236,0.675,0.5700000000000001,424.8285069465637
