precision,accuracy,recall,duration,auc,mcc
0.7037308370641704,0.7977044476327116,0.6787525294607785,178.20919013023376,0.6787525294607786,0.38166688331256715
