precision,accuracy,recall,duration,auc,mcc
0.6645844480114143,0.7288378766140603,0.7196940840376146,176.6366639137268,0.7196940840376145,0.3803063478444927
